{"name":"a5ece5fe-98b6-40e0-ad43-de69c6e1cd3a","id":"/providers/Microsoft.Flow/flows/a5ece5fe-98b6-40e0-ad43-de69c6e1cd3a","type":"Microsoft.Flow/flows","properties":{"apiId":"/providers/Microsoft.PowerApps/apis/shared_logicflows","displayName":"getChannelList","definition":{"metadata":{"workflowEntityId":null,"processAdvisorMetadata":null,"flowclientsuspensionreason":"None","flowclientsuspensiontime":null,"flowclientsuspensionreasondetails":null,"creator":{"id":"fc2e727b-e57a-4c36-b2e6-48c3d6d62f88","type":"User","tenantId":"a2d17066-c8ee-4e4c-8166-6da5b18e3306"},"provisioningMethod":"FromDefinition","failureAlertSubscription":true,"clientLastModifiedTime":"2022-08-21T02:47:26.6658567Z"},"$schema":"https://schema.management.azure.com/providers/Microsoft.Logic/schemas/2016-06-01/workflowdefinition.json#","contentVersion":"1.0.0.0","parameters":{"$connections":{"defaultValue":{},"type":"Object"},"$authentication":{"defaultValue":{},"type":"SecureObject"}},"triggers":{"manual":{"metadata":{"operationMetadataId":"254a8eaa-e55b-472b-95c6-24bb7498c883"},"type":"Request","kind":"PowerApp","inputs":{"schema":{"type":"object","properties":{},"required":[]}}}},"actions":{"채널_나열":{"runAfter":{},"metadata":{"operationMetadataId":"84228571-795f-481b-bf52-91d32c6fac9f"},"type":"OpenApiConnection","inputs":{"host":{"apiId":"/providers/Microsoft.PowerApps/apis/shared_teams","connectionName":"shared_teams","operationId":"GetChannelsForGroup"},"parameters":{"groupId":"b665fc72-a414-4d18-91e1-40adc9b6fa44"},"authentication":{"value":"@json(decodeBase64(triggerOutputs().headers['X-MS-APIM-Tokens']))['$ConnectionKey']","type":"Raw"}}},"Apply_to_each":{"foreach":"@outputs('채널_나열')?['body/value']","actions":{"Update_a_row":{"runAfter":{},"metadata":{"01R5XK5ESTNJSWWU4KJFB37MBT7IVKSYC5":"/Query-Results-5.xlsx","operationMetadataId":"787af82b-480d-46cd-9e68-cd78bd8c4bfd","tableId":"{00000000-000C-0000-FFFF-FFFF00000000}"},"type":"OpenApiConnection","inputs":{"host":{"apiId":"/providers/Microsoft.PowerApps/apis/shared_excelonlinebusiness","connectionName":"shared_excelonlinebusiness","operationId":"PatchItem"},"parameters":{"source":"me","drive":"b!2ycEWuBcQ0CIEVpFdEQm-1IlgW-Lz3tMtT_-P0emt34ZDF-qp-yvQLrpTnYqN7BW","file":"01R5XK5ESTNJSWWU4KJFB37MBT7IVKSYC5","table":"{00000000-000C-0000-FFFF-FFFF00000000}","idColumn":"ID","id":"@items('Apply_to_each')?['id']","item/ID":"@items('Apply_to_each')?['id']","item/NAME":"@items('Apply_to_each')?['displayName']"},"authentication":{"value":"@json(decodeBase64(triggerOutputs().headers['X-MS-APIM-Tokens']))['$ConnectionKey']","type":"Raw"}}}},"runAfter":{"채널_나열":["Succeeded"]},"metadata":{"operationMetadataId":"58d60157-2f5d-46ac-80fe-e871cfea7f09"},"type":"Foreach"}},"outputs":{}},"connectionReferences":{"shared_teams":{"connectionName":"shared-teams-845a9d4e-922b-4b29-8776-98a20eaf99a1","source":"Invoker","id":"/providers/Microsoft.PowerApps/apis/shared_teams","tier":"NotSpecified"},"shared_excelonlinebusiness":{"connectionName":"shared-excelonlinebu-b5d6d819-e2ed-4769-8d90-aaa76d40833c","source":"Invoker","id":"/providers/Microsoft.PowerApps/apis/shared_excelonlinebusiness","tier":"NotSpecified"}},"flowFailureAlertSubscribed":false,"isManaged":false}}