{"name":"4f01c80f-578c-4cd6-b177-6a2d4206bf0d","id":"/providers/Microsoft.Flow/flows/4f01c80f-578c-4cd6-b177-6a2d4206bf0d","type":"Microsoft.Flow/flows","properties":{"apiId":"/providers/Microsoft.PowerApps/apis/shared_logicflows","displayName":"getQuestionAnswering","definition":{"metadata":{"workflowEntityId":null,"processAdvisorMetadata":null,"flowclientsuspensionreason":"None","flowclientsuspensiontime":null,"flowclientsuspensionreasondetails":null,"creator":{"id":"fc2e727b-e57a-4c36-b2e6-48c3d6d62f88","type":"User","tenantId":"a2d17066-c8ee-4e4c-8166-6da5b18e3306"},"provisioningMethod":"FromDefinition","failureAlertSubscription":true,"clientLastModifiedTime":"2022-08-21T02:48:36.0725593Z"},"$schema":"https://schema.management.azure.com/providers/Microsoft.Logic/schemas/2016-06-01/workflowdefinition.json#","contentVersion":"1.0.0.0","parameters":{"$connections":{"defaultValue":{},"type":"Object"},"$authentication":{"defaultValue":{},"type":"SecureObject"}},"triggers":{"manual":{"metadata":{"operationMetadataId":"af829b58-7b02-42bc-b8f5-0774c523ecd9"},"type":"Request","kind":"PowerApp","inputs":{"schema":{"type":"object","properties":{"HTTP_본문":{"type":"any","description":"요청 콘텐츠 입력. 이 매개 변수는 파일명의 일부로 사용됩니다\"A0057B5B-33E7-4CF3-9851-A616226721C8\"","x-ms-powerflows-param-ispartial":true},"HTTP_본문_1":{"type":"any"},"문서쿼리하기V5_SQL구문쿼리":{"type":"string","description":"SQL 쿼리입니다. 비어 있을 경우 모든 문서가 반환됩니다.. 이 매개 변수는 파일명의 일부로 사용됩니다\"8D1DB5BC-DB0A-4DCE-963D-66FCBC9C6D2E\"","x-ms-powerflows-param-ispartial":true},"HTTP_본문_2":{"type":"any"}},"required":["HTTP_본문","HTTP_본문_1","문서쿼리하기V5_SQL구문쿼리","HTTP_본문_2"]}}}},"actions":{"HTTP":{"runAfter":{"각각에_적용":["Succeeded"]},"metadata":{"operationMetadataId":"386483b2-75ad-44c2-a61e-20e8de69b443"},"type":"Http","inputs":{"method":"POST","uri":"https://ih6x579pid.execute-api.ap-northeast-2.amazonaws.com/hf-ec2","body":{"context":"@{variables('parsedContext')}","question":"@{triggerBody()['HTTP_본문_2']}"}}},"문서_쿼리하기_V5":{"runAfter":{"변수_초기화_2":["Succeeded"]},"metadata":{"operationMetadataId":"64d2cbf6-fa69-4dbb-ad92-481a81feb550"},"type":"OpenApiConnection","inputs":{"host":{"apiId":"/providers/Microsoft.PowerApps/apis/shared_documentdb","connectionName":"shared_documentdb","operationId":"QueryDocuments_V5"},"parameters":{"cosmosDbAccountName":"AccountNameFromSettings","databaseId":"Sprout","containerId":"Context","queryText":"SELECT c.data FROM c WHERE c.channelId=\"@{triggerBody()['문서쿼리하기V5_SQL구문쿼리']}\""},"authentication":{"value":"@json(decodeBase64(triggerOutputs().headers['X-MS-APIM-Tokens']))['$ConnectionKey']","type":"Raw"}}},"변수_초기화_2":{"runAfter":{},"metadata":{"operationMetadataId":"9b816791-1deb-4070-88d1-36ad2a7e6ee3"},"type":"InitializeVariable","inputs":{"variables":[{"name":"parsedContext","type":"string"}]}},"각각에_적용":{"foreach":"@first(outputs('문서_쿼리하기_V5')?['body']?['value'])?['data']","actions":{"문자열_변수에_추가":{"runAfter":{},"metadata":{"operationMetadataId":"f14b73c9-adb8-4df1-80c8-d1916e69d019"},"type":"AppendToStringVariable","inputs":{"name":"parsedContext","value":"@concat(items('각각에_적용')?['user'],': ',items('각각에_적용')?['phrase'],'\\n')"}}},"runAfter":{"문서_쿼리하기_V5":["Succeeded"]},"metadata":{"operationMetadataId":"bd118d4d-5df7-48d3-a720-628366f1c017"},"type":"Foreach"}},"outputs":{}},"connectionReferences":{"shared_documentdb":{"connectionName":"shared-documentdb-39c1e415-8cf1-448a-958c-795eed117875","source":"Invoker","id":"/providers/Microsoft.PowerApps/apis/shared_documentdb","tier":"NotSpecified"}},"flowFailureAlertSubscribed":false,"isManaged":false}}