{"name":"da63fc1c-5275-4760-a5be-b0f7220d507c","id":"/providers/Microsoft.Flow/flows/da63fc1c-5275-4760-a5be-b0f7220d507c","type":"Microsoft.Flow/flows","properties":{"apiId":"/providers/Microsoft.PowerApps/apis/shared_logicflows","displayName":"getSummaryByChannelId","definition":{"metadata":{"workflowEntityId":null,"processAdvisorMetadata":null,"flowclientsuspensionreason":"None","flowclientsuspensiontime":null,"flowclientsuspensionreasondetails":null,"creator":{"id":"fc2e727b-e57a-4c36-b2e6-48c3d6d62f88","type":"User","tenantId":"a2d17066-c8ee-4e4c-8166-6da5b18e3306"},"provisioningMethod":"FromDefinition","failureAlertSubscription":true,"clientLastModifiedTime":"2022-08-21T02:26:41.5191803Z"},"$schema":"https://schema.management.azure.com/providers/Microsoft.Logic/schemas/2016-06-01/workflowdefinition.json#","contentVersion":"1.0.0.0","parameters":{"$connections":{"defaultValue":{},"type":"Object"},"$authentication":{"defaultValue":{},"type":"SecureObject"}},"triggers":{"manual":{"metadata":{"operationMetadataId":"3634e8dc-1a45-42e0-8251-91f53aea2be6"},"type":"Request","kind":"PowerApp","inputs":{"schema":{"type":"object","properties":{"문서쿼리하기V5_SQLSyntaxQuery":{"type":"string","description":"SQL query. If empty, will return all documents.. This parameter is used as part of \"E967528F-3BA2-44D9-B2C3-49648A3A2D74\"","x-ms-powerflows-param-ispartial":true}},"required":["문서쿼리하기V5_SQLSyntaxQuery"]}}}},"actions":{"문서_쿼리하기_V5":{"runAfter":{},"metadata":{"operationMetadataId":"b1c92dad-56a5-4ede-a075-e0c65aa273e1"},"type":"OpenApiConnection","inputs":{"host":{"apiId":"/providers/Microsoft.PowerApps/apis/shared_documentdb","connectionName":"shared_documentdb","operationId":"QueryDocuments_V5"},"parameters":{"cosmosDbAccountName":"AccountNameFromSettings","databaseId":"Sprout","containerId":"Summary","queryText":"SELECT s.summary FROM s WHERE s.channelId=\"@{triggerBody()['문서쿼리하기V5_SQLSyntaxQuery']}\""},"authentication":{"value":"@json(decodeBase64(triggerOutputs().headers['X-MS-APIM-Tokens']))['$ConnectionKey']","type":"Raw"}}},"Initialize_variable":{"runAfter":{"문서_쿼리하기_V5":["Succeeded"]},"metadata":{"operationMetadataId":"46b61337-9a19-4ee4-9707-4adc7c0d2362"},"type":"InitializeVariable","inputs":{"variables":[{"name":"summaryList","type":"array"}]}},"Apply_to_each":{"foreach":"@outputs('문서_쿼리하기_V5')?['body/value']","actions":{"Append_to_array_variable":{"runAfter":{},"metadata":{"operationMetadataId":"56d3a06b-1449-4ef2-b538-73b30ac5e852"},"type":"AppendToArrayVariable","inputs":{"name":"summaryList","value":"@items('Apply_to_each')"}},"Add_a_row_into_a_table":{"runAfter":{"Append_to_array_variable":["Succeeded"]},"metadata":{"01R5XK5EUZGPBFBFWR3FBLRDTFVZEDZYTZ":"/summary/GENERAL1.xlsx","operationMetadataId":"ee1ef766-a1eb-49ab-ab69-c5d6bf9de55e"},"type":"OpenApiConnection","inputs":{"host":{"apiId":"/providers/Microsoft.PowerApps/apis/shared_excelonlinebusiness","connectionName":"shared_excelonlinebusiness","operationId":"AddRowV2"},"parameters":{"source":"me","drive":"b!2ycEWuBcQ0CIEVpFdEQm-1IlgW-Lz3tMtT_-P0emt34ZDF-qp-yvQLrpTnYqN7BW","file":"01R5XK5EUZGPBFBFWR3FBLRDTFVZEDZYTZ","table":"{70786F71-546A-4BBB-9F0F-A6DF457548B3}","item/SUMMARY":"@items('Apply_to_each')"},"authentication":{"value":"@json(decodeBase64(triggerOutputs().headers['X-MS-APIM-Tokens']))['$ConnectionKey']","type":"Raw"}}}},"runAfter":{"Initialize_variable":["Succeeded"]},"metadata":{"operationMetadataId":"e744d4b8-33ea-4343-beb7-270ebbc60ea2"},"type":"Foreach"}},"outputs":{}},"connectionReferences":{"shared_documentdb":{"connectionName":"shared-documentdb-39c1e415-8cf1-448a-958c-795eed117875","source":"Invoker","id":"/providers/Microsoft.PowerApps/apis/shared_documentdb","tier":"NotSpecified"},"shared_excelonlinebusiness":{"connectionName":"shared-excelonlinebu-b5d6d819-e2ed-4769-8d90-aaa76d40833c","source":"Invoker","id":"/providers/Microsoft.PowerApps/apis/shared_excelonlinebusiness","tier":"NotSpecified"}},"flowFailureAlertSubscribed":false,"isManaged":false}}