{"name":"613a4c6d-4429-4fe8-af67-e5628a9c5401","id":"/providers/Microsoft.Flow/flows/613a4c6d-4429-4fe8-af67-e5628a9c5401","type":"Microsoft.Flow/flows","properties":{"apiId":"/providers/Microsoft.PowerApps/apis/shared_logicflows","displayName":"collectContext","definition":{"metadata":{"workflowEntityId":null,"processAdvisorMetadata":null,"flowclientsuspensionreason":"None","flowclientsuspensiontime":null,"flowclientsuspensionreasondetails":null,"creator":{"id":"fc2e727b-e57a-4c36-b2e6-48c3d6d62f88","type":"User","tenantId":"a2d17066-c8ee-4e4c-8166-6da5b18e3306"},"provisioningMethod":"FromDefinition","failureAlertSubscription":true,"clientLastModifiedTime":"2022-08-21T01:03:46.7243235Z"},"$schema":"https://schema.management.azure.com/providers/Microsoft.Logic/schemas/2016-06-01/workflowdefinition.json#","contentVersion":"1.0.0.0","parameters":{"$connections":{"defaultValue":{},"type":"Object"},"$authentication":{"defaultValue":{},"type":"SecureObject"}},"triggers":{"키워드가_멘션될_때":{"metadata":{"operationMetadataId":"72b1b7f3-cfeb-437f-9c19-fc64ae9b1339"},"type":"OpenApiConnectionWebhook","inputs":{"host":{"apiId":"/providers/Microsoft.PowerApps/apis/shared_teams","connectionName":"shared_teams","operationId":"WebhookKeywordTrigger"},"parameters":{"threadType":"channel","$search":"loggingEnd","requestBody/groupId":"b665fc72-a414-4d18-91e1-40adc9b6fa44","requestBody/channels":["19:c7Jt7USVDVRW7tAB36b-2UpmdcItY074PDHtO8EU37g1@thread.tacv2"]},"authentication":"@parameters('$authentication')"}}},"actions":{"메시지_가져오기":{"runAfter":{"get_channel_id":["Succeeded"]},"metadata":{"operationMetadataId":"ee6b4246-5fee-4a85-9745-f3ba1f7a3fef"},"type":"OpenApiConnection","inputs":{"host":{"apiId":"/providers/Microsoft.PowerApps/apis/shared_teams","connectionName":"shared_teams","operationId":"GetMessagesFromChannel"},"parameters":{"groupId":"b665fc72-a414-4d18-91e1-40adc9b6fa44","channelId":"19:c7Jt7USVDVRW7tAB36b-2UpmdcItY074PDHtO8EU37g1@thread.tacv2"},"authentication":"@parameters('$authentication')"}},"init_context_variable":{"runAfter":{"메시지_가져오기":["Succeeded"]},"metadata":{"operationMetadataId":"1db47684-edd4-4b28-be2d-a3735ca7ba36"},"type":"InitializeVariable","inputs":{"variables":[{"name":"context","type":"array"}]}},"init_end_loop_flag":{"runAfter":{"init_context_variable":["Succeeded"]},"metadata":{"operationMetadataId":"d3f61df0-a599-4470-8f9a-af2de731d597"},"type":"InitializeVariable","inputs":{"variables":[{"name":"loopEndFlag","type":"boolean","value":false}]}},"각각에_적용":{"foreach":"@outputs('메시지_가져오기')?['body/value']","actions":{"조건":{"actions":{"조건_3":{"actions":{"변수_설정_3":{"runAfter":{},"metadata":{"operationMetadataId":"7e659262-e278-462e-acbe-07a659a79cf4"},"type":"SetVariable","inputs":{"name":"id","value":"@items('각각에_적용')?['id']"}}},"runAfter":{},"else":{"actions":{"배열_변수에_추가_3":{"runAfter":{},"metadata":{"operationMetadataId":"c7e6538b-c938-47b2-bbda-3e5e6979f05a"},"type":"AppendToArrayVariable","inputs":{"name":"context","value":{"user":"@{items('각각에_적용')?['from/user/displayName']}","phrase":"@{items('각각에_적용')?['body/content']}"}}}}},"expression":{"contains":["@items('각각에_적용')?['body/content']","loggingEnd"]},"metadata":{"operationMetadataId":"ee474ccd-6689-4ee1-931f-f62e49c617af"},"type":"If"}},"runAfter":{},"else":{"actions":{"조건_2":{"actions":{"변수_설정":{"runAfter":{},"metadata":{"operationMetadataId":"07180d33-bf1d-446a-a48e-5705b5c241c4"},"type":"SetVariable","inputs":{"name":"loopEndFlag","value":true}}},"runAfter":{},"expression":{"contains":["@items('각각에_적용')?['body/content']","loggingStart"]},"metadata":{"operationMetadataId":"18684a9a-c675-4d3c-87ae-bd95757a25ff"},"type":"If"}}},"expression":{"and":[{"equals":["@variables('loopEndFlag')",false]},{"not":{"contains":["@items('각각에_적용')?['body/content']","loggingStart"]}}]},"metadata":{"operationMetadataId":"e9854bcc-2e63-492e-b625-b67050e15302"},"type":"If"}},"runAfter":{"init_id":["Succeeded"]},"metadata":{"operationMetadataId":"18ae5e42-44ba-4570-b9eb-1e2317a621c1"},"type":"Foreach"},"문서_만들기_또는_업데이트(V3)":{"runAfter":{"각각에_적용_2":["Succeeded"]},"metadata":{"operationMetadataId":"8033be48-d145-484d-9f59-0f087d24c1cf"},"type":"OpenApiConnection","inputs":{"host":{"apiId":"/providers/Microsoft.PowerApps/apis/shared_documentdb","connectionName":"shared_documentdb","operationId":"CreateDocument_V3"},"parameters":{"cosmosDbAccountName":"AccountNameFromSettings","databaseId":"Sprout","collectionId":"Context","body":{"id":"@variables('id')","teamId":"@variables('teamId')","channelId":"@variables('channelId')","context":"@variables('reversedContext')","createdDate":"@utcNow()"}},"authentication":"@parameters('$authentication')"}},"init_reversed_list":{"runAfter":{"각각에_적용":["Succeeded"]},"metadata":{"operationMetadataId":"8f8882ed-1d76-467d-98f5-4617185159c1"},"type":"InitializeVariable","inputs":{"variables":[{"name":"reversedContext","type":"array"}]}},"각각에_적용_2":{"foreach":"@variables('context')","actions":{"작성_2":{"runAfter":{},"metadata":{"operationMetadataId":"783845dc-c8a2-432c-b686-2bc504703412"},"type":"Compose","inputs":"@last(variables('context'))"},"배열_변수에_추가_2":{"runAfter":{"작성_2":["Succeeded"]},"metadata":{"operationMetadataId":"3d9c3c3a-1a6b-41bd-85df-2561f5846163"},"type":"AppendToArrayVariable","inputs":{"name":"reversedContext","value":"@outputs('작성_2')"}},"작성":{"runAfter":{"배열_변수에_추가_2":["Succeeded"]},"metadata":{"operationMetadataId":"6f18580b-64c9-4f88-a18a-22a02a0bbf77"},"type":"Compose","inputs":"@take(variables('context'),sub(length(variables('context')),1))"},"변수_설정_2":{"runAfter":{"작성":["Succeeded"]},"metadata":{"operationMetadataId":"bcbef391-f800-4404-aedc-5e9213d25b08"},"type":"SetVariable","inputs":{"name":"context","value":"@outputs('작성')"}}},"runAfter":{"init_reversed_list":["Succeeded"]},"metadata":{"operationMetadataId":"2e03a900-ceb6-459f-a38b-0b4d72879ebb"},"type":"Foreach"},"get_team_id":{"runAfter":{},"metadata":{"operationMetadataId":"1360519d-17f3-46a3-a138-4ac049655c39"},"type":"InitializeVariable","inputs":{"variables":[{"name":"teamId","type":"string","value":"@{first(triggerOutputs()?['body/value'])?['teamId']}"}]}},"get_channel_id":{"runAfter":{"get_team_id":["Succeeded"]},"metadata":{"operationMetadataId":"e7adf9a5-bc16-4762-ae06-5c1e97706a87"},"type":"InitializeVariable","inputs":{"variables":[{"name":"channelId","type":"string","value":"@{first(triggerOutputs()?['body/value'])?['channelId']}"}]}},"HTTP":{"runAfter":{"각각에_적용_3":["Succeeded"]},"metadata":{"operationMetadataId":"c77934a0-cf42-4768-9162-294edbbf0dbf"},"type":"Http","inputs":{"method":"POST","uri":"https://75l8tfoyz2.execute-api.ap-northeast-2.amazonaws.com/default/nlpcloud","body":{"dial_input":"@{variables('parsedContext')}"}}},"각각에_적용_3":{"foreach":"@variables('reversedContext')","actions":{"문자열_변수에_추가":{"runAfter":{},"metadata":{"operationMetadataId":"67489c5a-1b97-4665-af41-58ec80484696"},"type":"AppendToStringVariable","inputs":{"name":"parsedContext","value":"@concat(item()?['user'],':',item()?['context'],'\\n')"}}},"runAfter":{"Context_parsing":["Succeeded"]},"metadata":{"operationMetadataId":"5ff8c959-9f25-41fc-ac31-ce4e049c1191"},"type":"Foreach"},"Context_parsing":{"runAfter":{"각각에_적용_2":["Succeeded"]},"metadata":{"operationMetadataId":"9660c7da-fe32-4c2d-bad1-f350e0d444cd"},"type":"InitializeVariable","inputs":{"variables":[{"name":"parsedContext","type":"string"}]}},"init_id":{"runAfter":{"init_end_loop_flag":["Succeeded"]},"metadata":{"operationMetadataId":"ffa59f94-81e6-4189-bfeb-9ebfd18049ae"},"type":"InitializeVariable","inputs":{"variables":[{"name":"id","type":"string"}]}},"문서_만들기_또는_업데이트(V3)_2":{"runAfter":{"HTTP":["Succeeded"]},"metadata":{"operationMetadataId":"396b504d-3a07-4867-b0a9-e4a578157b73"},"type":"OpenApiConnection","inputs":{"host":{"apiId":"/providers/Microsoft.PowerApps/apis/shared_documentdb","connectionName":"shared_documentdb","operationId":"CreateDocument_V3"},"parameters":{"cosmosDbAccountName":"AccountNameFromSettings","databaseId":"Sprout","collectionId":"Summary","body":{"id":"@variables('id')","teamId":"@variables('teamId')","channelId":"@variables('channelId')","summary":"@json(body('HTTP'))?['summary_text']","createdDate":"@utcNow()"}},"authentication":"@parameters('$authentication')"}}}},"connectionReferences":{"shared_teams":{"connectionName":"shared-teams-845a9d4e-922b-4b29-8776-98a20eaf99a1","source":"Embedded","id":"/providers/Microsoft.PowerApps/apis/shared_teams","tier":"NotSpecified"},"shared_documentdb":{"connectionName":"shared-documentdb-39c1e415-8cf1-448a-958c-795eed117875","source":"Embedded","id":"/providers/Microsoft.PowerApps/apis/shared_documentdb","tier":"NotSpecified"}},"flowFailureAlertSubscribed":false,"isManaged":false}}